{
        "results" : [
                {
                        "_id" : "female",
                        "value" : {
                                "avg_height" : 166.81061713357676,
                                "avg_weight" : 70.11329273244019
                        }
                },
                {
                        "_id" : "male",
                        "value" : {
                                "avg_height" : 166.7346950726981,
                                "avg_weight" : 70.00976575121166
                        }
                }
        ],
        "ok" : 1
}